User Name,Generated Name,Department,Unique ID
& C:/Users/alexa/AppData/Local/Microsoft/WindowsApps/python3.11.exe c:/Users/alexa/OneDrive/Documents/randomname/randomname.py,Michael Jackson,& C:/Users/alexa/AppData/Local/Microsoft/WindowsApps/python3.11.exe c:/Users/alexa/OneDrive/Documents/randomname/randomname.py,OU6792
& C:/Users/alexa/AppData/Local/Microsoft/WindowsApps/python3.11.exe c:/Users/alexa/OneDrive/Documents/randomname/randomname.py,David Brown,& C:/Users/alexa/AppData/Local/Microsoft/WindowsApps/python3.11.exe c:/Users/alexa/OneDrive/Documents/randomname/randomname.py,ia1371
& C:/Users/alexa/AppData/Local/Microsoft/WindowsApps/python3.11.exe c:/Users/alexa/OneDrive/Documents/randomname/randomname.py,Laura Martin,& C:/Users/alexa/AppData/Local/Microsoft/WindowsApps/python3.11.exe c:/Users/alexa/OneDrive/Documents/randomname/randomname.py,rS9059
& C:/Users/alexa/AppData/Local/Microsoft/WindowsApps/python3.11.exe c:/Users/alexa/OneDrive/Documents/randomname/randomname.py,Sarah Brown,& C:/Users/alexa/AppData/Local/Microsoft/WindowsApps/python3.11.exe c:/Users/alexa/OneDrive/Documents/randomname/randomname.py,Tt5786
& C:/Users/alexa/AppData/Local/Microsoft/WindowsApps/python3.11.exe c:/Users/alexa/OneDrive/Documents/randomname/randomname.py,David Taylor,& C:/Users/alexa/AppData/Local/Microsoft/WindowsApps/python3.11.exe c:/Users/alexa/OneDrive/Documents/randomname/randomname.py,qu6706
& C:/Users/alexa/AppData/Local/Microsoft/WindowsApps/python3.11.exe c:/Users/alexa/OneDrive/Documents/randomname/randomname.py,Emily White,& C:/Users/alexa/AppData/Local/Microsoft/WindowsApps/python3.11.exe c:/Users/alexa/OneDrive/Documents/randomname/randomname.py,KQ8838
& C:/Users/alexa/AppData/Local/Microsoft/WindowsApps/python3.11.exe c:/Users/alexa/OneDrive/Documents/randomname/randomname.py,John Smith,& C:/Users/alexa/AppData/Local/Microsoft/WindowsApps/python3.11.exe c:/Users/alexa/OneDrive/Documents/randomname/randomname.py,DY8175
& C:/Users/alexa/AppData/Local/Microsoft/WindowsApps/python3.11.exe c:/Users/alexa/OneDrive/Documents/randomname/randomname.py,Chris Taylor,& C:/Users/alexa/AppData/Local/Microsoft/WindowsApps/python3.11.exe c:/Users/alexa/OneDrive/Documents/randomname/randomname.py,sf6997
& C:/Users/alexa/AppData/Local/Microsoft/WindowsApps/python3.11.exe c:/Users/alexa/OneDrive/Documents/randomname/randomname.py,Chris Taylor,& C:/Users/alexa/AppData/Local/Microsoft/WindowsApps/python3.11.exe c:/Users/alexa/OneDrive/Documents/randomname/randomname.py,RN6069
& C:/Users/alexa/AppData/Local/Microsoft/WindowsApps/python3.11.exe c:/Users/alexa/OneDrive/Documents/randomname/randomname.py,Alex Anderson,& C:/Users/alexa/AppData/Local/Microsoft/WindowsApps/python3.11.exe c:/Users/alexa/OneDrive/Documents/randomname/randomname.py,lh1226
& C:/Users/alexa/AppData/Local/Microsoft/WindowsApps/python3.11.exe c:/Users/alexa/OneDrive/Documents/randomname/randomname.py,Sarah Brown,& C:/Users/alexa/AppData/Local/Microsoft/WindowsApps/python3.11.exe c:/Users/alexa/OneDrive/Documents/randomname/randomname.py,Cs4132
& C:/Users/alexa/AppData/Local/Microsoft/WindowsApps/python3.11.exe c:/Users/alexa/OneDrive/Documents/randomname/randomname.py,Michael Anderson,& C:/Users/alexa/AppData/Local/Microsoft/WindowsApps/python3.11.exe c:/Users/alexa/OneDrive/Documents/randomname/randomname.py,se6425
